dataset,pool_name,model,test_mae,test_rmse,test_direction_acc,train_mae,train_rmse,train_direction_acc
frax_self_built_historical,frax,Random Forest,1.7783792415641053,2.2098995580650596,67.3202614379085,0.7601352174908246,0.9725375989483723,90.52287581699346
frax_self_built_historical,frax,XGBoost,1.8155125348765209,2.2677505122291035,69.28104575163398,0.007878888554873677,0.011862320201931693,100.0
frax_self_built_historical,frax,LSTM (PyTorch),2.2772028477236157,2.9572450907088186,49.6124031007752,2.0863003548001404,2.615768290390213,61.904761904761905
frax_self_built_historical,frax,Transformer (PyTorch),2.236233459993485,2.8756908778415964,49.6124031007752,2.1844923523326365,2.733314645380945,54.761904761904766
frax_self_built_historical,frax,QNN (PyTorch+PennyLane),2.1897413448877727,2.7981391750358515,49.6124031007752,2.1246899088589877,2.6844880268926667,62.074829931972786
frax_self_built_historical,frax,QSVM-QNN (PyTorch+PennyLane),2.0990506785007814,2.7286995014833586,46.51162790697674,2.224747797615346,2.795215714023765,52.721088435374156
3pool_batch_historical,3pool,Random Forest,1.7912309054566684,2.2702763684102267,69.28104575163398,0.8631829079744303,1.1194476870912227,87.09150326797386
3pool_batch_historical,3pool,XGBoost,1.8256804347029865,2.3004393030213106,71.24183006535948,0.007634763526648245,0.01140706434548741,99.83660130718954
3pool_batch_historical,3pool,LSTM (PyTorch),2.6113841921074203,3.2890538467587094,53.48837209302325,1.5879537434393283,2.0358321272964184,76.19047619047619
3pool_batch_historical,3pool,Transformer (PyTorch),2.23522553596823,2.8753229460942658,49.6124031007752,2.324485531064802,2.9429469762545573,49.48979591836735
3pool_batch_historical,3pool,QNN (PyTorch+PennyLane),2.269993570893546,2.8990991754196243,52.71317829457365,2.2220531033678492,2.7909116835968972,57.31292517006803
3pool_batch_historical,3pool,QSVM-QNN (PyTorch+PennyLane),2.234270936543377,2.871544471923664,50.3875968992248,2.3241670561054244,2.947867274414446,50.68027210884354
3pool_comprehensive_free_historical,3pool,Random Forest,1.7912309054566684,2.2702763684102267,69.28104575163398,0.8631829079744303,1.1194476870912227,87.09150326797386
3pool_comprehensive_free_historical,3pool,XGBoost,1.8256804347029865,2.3004393030213106,71.24183006535948,0.007634763526648245,0.01140706434548741,99.83660130718954
3pool_comprehensive_free_historical,3pool,LSTM (PyTorch),2.694198966120289,3.343709234633198,50.3875968992248,1.44658439418921,1.8770828256946324,79.25170068027211
3pool_comprehensive_free_historical,3pool,Transformer (PyTorch),2.234780616664131,2.8734137082650655,49.6124031007752,2.3231417862467243,2.942094832687842,49.48979591836735
3pool_comprehensive_free_historical,3pool,QNN (PyTorch+PennyLane),2.3887422300307786,3.0698028150177485,51.162790697674424,2.2170755520589234,2.8305713778147004,60.37414965986394
3pool_comprehensive_free_historical,3pool,QSVM-QNN (PyTorch+PennyLane),2.235854395921894,2.8781132601380515,48.837209302325576,2.31213112548772,2.927336892492121,52.04081632653062
3pool_self_built_historical,3pool,Random Forest,1.7912309054566684,2.2702763684102267,69.28104575163398,0.8631829079744303,1.1194476870912227,87.09150326797386
3pool_self_built_historical,3pool,XGBoost,1.8256804347029865,2.3004393030213106,71.24183006535948,0.007634763526648245,0.01140706434548741,99.83660130718954
3pool_self_built_historical,3pool,LSTM (PyTorch),3.034156614266334,3.7989612051221324,50.3875968992248,1.4269105992187892,1.8533804700027852,76.0204081632653
3pool_self_built_historical,3pool,Transformer (PyTorch),2.2429626339332964,2.885734937461177,50.3875968992248,2.2990526771208835,2.9134725629851936,55.27210884353742
3pool_self_built_historical,3pool,QNN (PyTorch+PennyLane),2.213596738937516,2.84867646761807,59.68992248062015,2.2608614258678004,2.8471004005710463,59.353741496598644
3pool_self_built_historical,3pool,QSVM-QNN (PyTorch+PennyLane),2.2332586558307996,2.8735384817576866,53.48837209302325,2.3134387648713575,2.9376326633598318,54.421768707483
aave_batch_historical,aave,Random Forest,1.5913207899747368,2.074137637117725,71.24183006535948,0.7693723386471455,1.0085419586866329,90.84967320261438
aave_batch_historical,aave,XGBoost,1.6665287521336105,2.163110113861919,71.89542483660131,0.006326537925865811,0.009753163253995879,100.0
aave_batch_historical,aave,LSTM (PyTorch),2.519826906249669,3.114782837094845,60.46511627906976,0.975875109658923,1.285146709516964,82.82312925170068
aave_batch_historical,aave,Transformer (PyTorch),2.359519413327778,2.9499879308330677,51.93798449612403,2.087441972577966,2.650743138889382,63.60544217687075
aave_batch_historical,aave,QNN (PyTorch+PennyLane),2.136066656978455,2.6737582917675224,48.06201550387597,2.1158323666445593,2.6693784162385956,59.863945578231295
aave_batch_historical,aave,QSVM-QNN (PyTorch+PennyLane),2.121881709109555,2.669666286140427,44.96124031007752,2.2326872440179932,2.8615877526866504,53.57142857142857
aave_comprehensive_free_historical,aave,Random Forest,1.5913207899747368,2.074137637117725,71.24183006535948,0.7693723386471456,1.0085419586866329,90.84967320261438
aave_comprehensive_free_historical,aave,XGBoost,1.6665287521336105,2.163110113861919,71.89542483660131,0.006326537925865811,0.009753163253995879,100.0
aave_comprehensive_free_historical,aave,LSTM (PyTorch),2.4703382612186795,3.0401839635038277,53.48837209302325,1.0821468215389305,1.4379389086627217,81.97278911564626
aave_comprehensive_free_historical,aave,Transformer (PyTorch),2.061086256976835,2.587139023835043,51.162790697674424,2.211810397378539,2.8190843335289952,59.523809523809526
aave_comprehensive_free_historical,aave,QNN (PyTorch+PennyLane),2.0888931254326715,2.67780389446264,52.71317829457365,2.1498582290333648,2.726730955530373,58.333333333333336
aave_comprehensive_free_historical,aave,QSVM-QNN (PyTorch+PennyLane),2.204857689589361,2.7945068351278857,44.96124031007752,2.2038977479126656,2.8433963544463983,55.10204081632652
aave_self_built_historical,aave,Random Forest,1.5913207899747368,2.0741376371177247,71.24183006535948,0.7693723386471455,1.0085419586866329,90.84967320261438
aave_self_built_historical,aave,XGBoost,1.6665287521336105,2.163110113861919,71.89542483660131,0.006326537925865811,0.009753163253995879,100.0
aave_self_built_historical,aave,LSTM (PyTorch),2.467177694429289,3.0225021434801675,58.139534883720934,0.9817394958524932,1.289600583466101,84.8639455782313
aave_self_built_historical,aave,Transformer (PyTorch),2.3660001793679126,2.9683804008330403,52.71317829457365,2.0665665726101174,2.59541585954791,64.62585034013605
aave_self_built_historical,aave,QNN (PyTorch+PennyLane),2.1730559829056215,2.7244905745258308,47.286821705426355,2.1197584467857733,2.6718074540708,60.8843537414966
aave_self_built_historical,aave,QSVM-QNN (PyTorch+PennyLane),2.0989890742817794,2.6442270862682644,53.48837209302325,2.229726772360463,2.8495467960225405,57.48299319727891
ankrETH_batch_historical,ankrETH,Random Forest,1.9608467114765449,2.4222554936460736,71.89542483660131,0.7916747381165573,1.01244855345161,90.52287581699346
ankrETH_batch_historical,ankrETH,XGBoost,2.0318662994133443,2.507313184668156,71.89542483660131,0.006386423626919931,0.009810744885944307,99.83660130718954
ankrETH_batch_historical,ankrETH,LSTM (PyTorch),3.0792444916030384,3.874995112284453,55.81395348837209,1.3585363803265011,1.7374392984899292,81.80272108843538
ankrETH_batch_historical,ankrETH,Transformer (PyTorch),2.7946816652967708,3.499968650450627,46.51162790697674,2.1659798390974987,2.67934526994092,63.60544217687075
ankrETH_batch_historical,ankrETH,QNN (PyTorch+PennyLane),2.692796233687187,3.4373761836278907,44.18604651162791,2.225523187630429,2.7327100934263364,61.224489795918366
ankrETH_batch_historical,ankrETH,QSVM-QNN (PyTorch+PennyLane),2.5651591041720896,3.2572025468324552,44.18604651162791,2.3002387699888542,2.8406832068545387,52.21088435374149
ankrETH_comprehensive_free_historical,ankrETH,Random Forest,1.9608467114765449,2.4222554936460736,71.89542483660131,0.7916747381165573,1.0124485534516097,90.52287581699346
ankrETH_comprehensive_free_historical,ankrETH,XGBoost,2.0318662994133443,2.507313184668156,71.89542483660131,0.006386423626919931,0.009810744885944307,99.83660130718954
ankrETH_comprehensive_free_historical,ankrETH,LSTM (PyTorch),3.1761053125336725,3.9217408156534446,52.71317829457365,1.2834079781918286,1.6548227459822697,81.4625850340136
ankrETH_comprehensive_free_historical,ankrETH,Transformer (PyTorch),2.5040484828118044,3.1743775057623074,53.48837209302325,2.355368415077473,2.8853918853156153,51.02040816326531
ankrETH_comprehensive_free_historical,ankrETH,QNN (PyTorch+PennyLane),2.569002324274246,3.296783360810157,55.81395348837209,2.20070279676558,2.7069969454656344,59.693877551020414
ankrETH_comprehensive_free_historical,ankrETH,QSVM-QNN (PyTorch+PennyLane),2.549438150442047,3.2352957089413454,44.18604651162791,2.3104003447972006,2.8468969569477722,53.57142857142857
ankrETH_self_built_historical,ankrETH,Random Forest,1.9608467114765449,2.4222554936460736,71.89542483660131,0.7916747381165571,1.0124485534516097,90.52287581699346
ankrETH_self_built_historical,ankrETH,XGBoost,2.0318662994133443,2.507313184668156,71.89542483660131,0.006386423626919931,0.009810744885944307,99.83660130718954
ankrETH_self_built_historical,ankrETH,LSTM (PyTorch),2.918344845328907,3.6199853728875353,48.837209302325576,1.6571013493227333,2.1250509238361595,73.46938775510205
ankrETH_self_built_historical,ankrETH,Transformer (PyTorch),2.503093699860557,3.1716414708211116,55.03875968992248,2.3506281319615363,2.880460407991613,55.10204081632652
ankrETH_self_built_historical,ankrETH,QNN (PyTorch+PennyLane),2.500393359521558,3.211791710217356,55.03875968992248,2.2621741515148206,2.7892120816412356,61.224489795918366
ankrETH_self_built_historical,ankrETH,QSVM-QNN (PyTorch+PennyLane),2.544686540627236,3.2218469671017873,43.41085271317829,2.3137255689242617,2.8484217116447046,52.38095238095239
gusd_batch_historical,gusd,Random Forest,1.7181814680599934,2.184076251224722,69.93464052287581,0.7494251070758124,0.9595832600578809,92.15686274509804
gusd_batch_historical,gusd,XGBoost,1.791526336667618,2.2095539609001604,69.93464052287581,0.00792709860632756,0.011872872286552956,99.83660130718954
gusd_batch_historical,gusd,LSTM (PyTorch),2.7458783542289633,3.343088903733458,44.18604651162791,1.639261699739998,2.028021970945189,71.5986394557823
gusd_batch_historical,gusd,Transformer (PyTorch),2.2439631563595634,2.75174426716091,51.162790697674424,2.1900693614913367,2.6985089478937634,52.38095238095239
gusd_batch_historical,gusd,QNN (PyTorch+PennyLane),2.3833411417557993,2.9109348098529932,48.06201550387597,2.031452651781103,2.5120106480254663,62.585034013605444
gusd_batch_historical,gusd,QSVM-QNN (PyTorch+PennyLane),2.2642421418459713,2.803655055601338,47.286821705426355,2.1771471317149054,2.68147134043464,53.06122448979592
gusd_comprehensive_free_historical,gusd,Random Forest,1.7181814680599934,2.184076251224722,69.93464052287581,0.7494251070758126,0.9595832600578809,92.15686274509804
gusd_comprehensive_free_historical,gusd,XGBoost,1.791526336667618,2.2095539609001604,69.93464052287581,0.00792709860632756,0.011872872286552956,99.83660130718954
gusd_comprehensive_free_historical,gusd,LSTM (PyTorch),2.4348187483583126,2.995196894652609,45.73643410852713,1.6841714790348425,2.0710379575935662,71.5986394557823
gusd_comprehensive_free_historical,gusd,Transformer (PyTorch),2.2544474094363713,2.7553927170718624,48.06201550387597,2.103567544239424,2.6154476875472703,59.353741496598644
gusd_comprehensive_free_historical,gusd,QNN (PyTorch+PennyLane),2.3587394379420936,2.8958771931818093,43.41085271317829,2.0353705086208462,2.514816299423361,65.3061224489796
gusd_comprehensive_free_historical,gusd,QSVM-QNN (PyTorch+PennyLane),2.2675600525175996,2.865041308448668,55.81395348837209,2.1568504788063603,2.675582285207561,54.59183673469388
gusd_self_built_historical,gusd,Random Forest,1.7181814680599934,2.184076251224722,69.93464052287581,0.7494251070758124,0.9595832600578809,92.15686274509804
gusd_self_built_historical,gusd,XGBoost,1.791526336667618,2.2095539609001604,69.93464052287581,0.00792709860632756,0.011872872286552956,99.83660130718954
gusd_self_built_historical,gusd,LSTM (PyTorch),2.5260987379555186,3.2260417694918075,49.6124031007752,1.695150432959831,2.058943234172242,70.91836734693877
gusd_self_built_historical,gusd,Transformer (PyTorch),2.243094313625413,2.751796228548848,50.3875968992248,2.1963633229617123,2.704676325330221,50.34013605442177
gusd_self_built_historical,gusd,QNN (PyTorch+PennyLane),2.300308941228377,2.8604869850894996,46.51162790697674,2.0921294042104006,2.5772315502418155,57.82312925170068
gusd_self_built_historical,gusd,QSVM-QNN (PyTorch+PennyLane),2.265304229121813,2.8127663174105004,51.93798449612403,2.182794818825707,2.68810690660073,52.38095238095239
hbtc_batch_historical,hbtc,Random Forest,1.7644809408778437,2.179331380823395,66.01307189542483,0.7911900648397028,1.0234063545740233,88.56209150326796
hbtc_batch_historical,hbtc,XGBoost,1.767775961584827,2.235091041211683,69.93464052287581,0.007989159112363925,0.012041207045407683,99.83660130718954
hbtc_batch_historical,hbtc,LSTM (PyTorch),2.3485208110593727,3.0036611974237446,55.03875968992248,1.5258644574107922,1.935457271507194,72.78911564625851
hbtc_batch_historical,hbtc,Transformer (PyTorch),2.111052414112332,2.605205022130731,48.06201550387597,2.1363364208637754,2.699785005430472,58.16326530612245
hbtc_batch_historical,hbtc,QNN (PyTorch+PennyLane),2.173878221656389,2.7015261387909786,44.96124031007752,2.042733162063379,2.5758876798947163,58.673469387755105
hbtc_batch_historical,hbtc,QSVM-QNN (PyTorch+PennyLane),2.1342930162954468,2.6611189859385886,54.263565891472865,2.1608130326444224,2.740444924419774,54.761904761904766
hbtc_comprehensive_free_historical,hbtc,Random Forest,1.7644809408778437,2.1793313808233945,66.01307189542483,0.7911900648397028,1.0234063545740233,88.56209150326796
hbtc_comprehensive_free_historical,hbtc,XGBoost,1.767775961584827,2.235091041211683,69.93464052287581,0.007989159112363925,0.012041207045407683,99.83660130718954
hbtc_comprehensive_free_historical,hbtc,LSTM (PyTorch),2.295297946801056,2.8739859566827506,46.51162790697674,1.606990453228417,2.0272578395269094,73.12925170068027
hbtc_comprehensive_free_historical,hbtc,Transformer (PyTorch),2.1522160397331267,2.6814254668760085,49.6124031007752,2.1352118158538675,2.6826778041474935,56.292517006802726
hbtc_comprehensive_free_historical,hbtc,QNN (PyTorch+PennyLane),2.1973799199847672,2.713399440080411,44.96124031007752,2.0667364916394924,2.61224260639538,59.183673469387756
hbtc_comprehensive_free_historical,hbtc,QSVM-QNN (PyTorch+PennyLane),2.180712811290126,2.6905487489640687,55.03875968992248,2.15180880752148,2.7359242684147085,54.08163265306123
hbtc_self_built_historical,hbtc,Random Forest,1.7644809408778437,2.179331380823395,66.01307189542483,0.7911900648397029,1.0234063545740235,88.56209150326796
hbtc_self_built_historical,hbtc,XGBoost,1.767775961584827,2.235091041211683,69.93464052287581,0.007989159112363925,0.012041207045407683,99.83660130718954
hbtc_self_built_historical,hbtc,LSTM (PyTorch),2.3526543863239993,2.9776197918990137,54.263565891472865,1.6044774307216891,2.0107594762799335,71.42857142857143
hbtc_self_built_historical,hbtc,Transformer (PyTorch),2.107011952920797,2.616714430071383,40.310077519379846,2.181899784677361,2.7587066717844326,56.80272108843537
hbtc_self_built_historical,hbtc,QNN (PyTorch+PennyLane),2.24902781527922,2.7602022344122514,47.286821705426355,2.0309449646755735,2.549737307008141,62.585034013605444
hbtc_self_built_historical,hbtc,QSVM-QNN (PyTorch+PennyLane),2.1670550668879294,2.6953333438342097,55.03875968992248,2.160679724755275,2.738474913855739,53.57142857142857
husd_batch_historical,husd,Random Forest,2.024501433851649,2.5878937871149668,74.50980392156863,0.8403528907739795,1.0591758870162074,89.37908496732027
husd_batch_historical,husd,XGBoost,1.981025866649213,2.5763099619568632,73.20261437908496,0.008402150825088212,0.012102613404284245,100.0
husd_batch_historical,husd,LSTM (PyTorch),3.1261499396223527,4.044132485499069,58.91472868217055,1.441872700352175,1.8185970334200343,78.06122448979592
husd_batch_historical,husd,Transformer (PyTorch),2.673957167537569,3.362364347885773,51.162790697674424,2.2720227987744863,2.8704187299278074,54.761904761904766
husd_batch_historical,husd,QNN (PyTorch+PennyLane),2.9418290278176635,3.6483788613570627,43.41085271317829,2.1669191010765814,2.732449339617721,61.224489795918366
husd_batch_historical,husd,QSVM-QNN (PyTorch+PennyLane),2.6910476231616154,3.37219700833799,48.837209302325576,2.268746605448764,2.890195274369699,53.40136054421769
husd_comprehensive_free_historical,husd,Random Forest,2.024501433851649,2.5878937871149668,74.50980392156863,0.8403528907739795,1.0591758870162074,89.37908496732027
husd_comprehensive_free_historical,husd,XGBoost,1.981025866649213,2.5763099619568632,73.20261437908496,0.008402150825088212,0.012102613404284245,100.0
husd_comprehensive_free_historical,husd,LSTM (PyTorch),3.1596873332653566,3.9747866295709975,54.263565891472865,1.5719363794462333,1.9682564395638729,73.80952380952381
husd_comprehensive_free_historical,husd,Transformer (PyTorch),2.645491997110983,3.3430127107557213,58.139534883720934,2.250563446455418,2.8276520475953175,56.63265306122449
husd_comprehensive_free_historical,husd,QNN (PyTorch+PennyLane),2.7544810798303416,3.5206086333653146,54.263565891472865,2.106466759812326,2.6485425807678196,61.224489795918366
husd_comprehensive_free_historical,husd,QSVM-QNN (PyTorch+PennyLane),2.6840865633741324,3.3690033209349446,48.837209302325576,2.269649083303406,2.884777956579743,53.40136054421769
husd_self_built_historical,husd,Random Forest,2.024501433851649,2.5878937871149668,74.50980392156863,0.8403528907739796,1.0591758870162074,89.37908496732027
husd_self_built_historical,husd,XGBoost,1.981025866649213,2.5763099619568632,73.20261437908496,0.008402150825088212,0.012102613404284245,100.0
husd_self_built_historical,husd,LSTM (PyTorch),3.1513560260201365,4.03730846687258,54.263565891472865,1.505251927363829,1.8876717012123816,79.76190476190477
husd_self_built_historical,husd,Transformer (PyTorch),2.678624159605655,3.367193614501711,51.162790697674424,2.2788761110030777,2.8784801276134897,46.59863945578231
husd_self_built_historical,husd,QNN (PyTorch+PennyLane),2.8501722929846505,3.613079403289185,44.96124031007752,2.071143167874482,2.6243566031350283,64.79591836734694
husd_self_built_historical,husd,QSVM-QNN (PyTorch+PennyLane),2.671323648805262,3.3574144456469397,48.837209302325576,2.265784365576983,2.8764222225176757,53.40136054421769
ironbank_batch_historical,ironbank,Random Forest,1.7139926008560786,2.146311237254084,67.3202614379085,0.8404393184188277,1.0629906952453254,90.52287581699346
ironbank_batch_historical,ironbank,XGBoost,1.7178472744120614,2.179830941377748,68.62745098039215,0.006722130824466417,0.010570863852061196,100.0
ironbank_batch_historical,ironbank,LSTM (PyTorch),2.482751156600847,3.0989305649049186,44.18604651162791,1.5698004700335435,1.9753263827274932,75.0
ironbank_batch_historical,ironbank,Transformer (PyTorch),2.085048289399783,2.6173450799611104,46.51162790697674,2.079036165445404,2.6663291888011287,63.26530612244898
ironbank_batch_historical,ironbank,QNN (PyTorch+PennyLane),2.25107654282892,2.78608360875122,41.08527131782946,2.0706832579698236,2.617427792249738,64.28571428571429
ironbank_batch_historical,ironbank,QSVM-QNN (PyTorch+PennyLane),1.9545214701458242,2.479876152727436,55.03875968992248,2.234436893793752,2.811461743100231,51.87074829931972
ironbank_comprehensive_free_historical,ironbank,Random Forest,1.7139926008560786,2.146311237254084,67.3202614379085,0.8404393184188277,1.0629906952453254,90.52287581699346
ironbank_comprehensive_free_historical,ironbank,XGBoost,1.7178472744120614,2.179830941377748,68.62745098039215,0.006722130824466417,0.010570863852061196,100.0
ironbank_comprehensive_free_historical,ironbank,LSTM (PyTorch),2.5025720589013525,3.1560008579894885,49.6124031007752,1.7054111013241375,2.137701922754911,71.08843537414967
ironbank_comprehensive_free_historical,ironbank,Transformer (PyTorch),1.9567441481576076,2.47924746645024,46.51162790697674,2.2466596149103277,2.824483955869309,51.02040816326531
ironbank_comprehensive_free_historical,ironbank,QNN (PyTorch+PennyLane),2.018405374302592,2.5583817525409556,54.263565891472865,2.0997821523600098,2.6254980463728623,60.37414965986394
ironbank_comprehensive_free_historical,ironbank,QSVM-QNN (PyTorch+PennyLane),1.9321529254797825,2.4625498847124665,58.91472868217055,2.2299451928499776,2.808599120215463,51.87074829931972
ironbank_self_built_historical,ironbank,Random Forest,1.7139926008560786,2.146311237254084,67.3202614379085,0.8404393184188277,1.0629906952453254,90.52287581699346
ironbank_self_built_historical,ironbank,XGBoost,1.7178472744120614,2.179830941377748,68.62745098039215,0.006722130824466417,0.010570863852061196,100.0
ironbank_self_built_historical,ironbank,LSTM (PyTorch),2.5576639576986016,3.3220070008153133,56.58914728682171,1.4548740524635706,1.8685202860613954,75.0
ironbank_self_built_historical,ironbank,Transformer (PyTorch),2.2597004085791905,2.7832837422008394,44.96124031007752,2.184858211118876,2.776688871696887,58.333333333333336
ironbank_self_built_historical,ironbank,QNN (PyTorch+PennyLane),2.2714692776349636,2.7884883002197123,44.18604651162791,2.109650807169773,2.6398900805192294,62.755102040816325
ironbank_self_built_historical,ironbank,QSVM-QNN (PyTorch+PennyLane),1.9569895338801229,2.4832846058689353,53.48837209302325,2.2311489910602154,2.8068239683252507,52.89115646258503
mim_self_built_historical,mim,Random Forest,1.6712827873080955,2.0361135772925785,65.359477124183,0.7576434498354991,0.992134376767446,90.359477124183
mim_self_built_historical,mim,XGBoost,1.6923094201585827,2.1342032658108434,64.05228758169935,0.007053821339110344,0.010625000777705805,100.0
mim_self_built_historical,mim,LSTM (PyTorch),2.439704889515902,3.0465347938731653,44.96124031007752,1.5016645774633723,1.909217050482363,76.36054421768708
mim_self_built_historical,mim,Transformer (PyTorch),1.9992384500077087,2.5100231129314388,51.93798449612403,2.1788511629019367,2.8050478738028923,49.82993197278912
mim_self_built_historical,mim,QNN (PyTorch+PennyLane),2.103194407866752,2.694862401762075,45.73643410852713,2.071150677905033,2.6605430992958343,57.6530612244898
mim_self_built_historical,mim,QSVM-QNN (PyTorch+PennyLane),2.0403962454212947,2.536474635141222,46.51162790697674,2.13553958039488,2.7760159048194093,53.91156462585034
musd_batch_historical,musd,Random Forest,1.7138607734902471,2.1633022927591674,67.97385620915033,0.8562904404402978,1.0717688169758532,89.86928104575163
musd_batch_historical,musd,XGBoost,1.72875765185788,2.218970794219343,70.58823529411765,0.008608995980094411,0.012950011281118806,99.67320261437908
musd_batch_historical,musd,LSTM (PyTorch),2.4263732692510196,3.2011163412135857,53.48837209302325,1.4533453122583693,1.872436769162926,76.19047619047619
musd_batch_historical,musd,Transformer (PyTorch),2.02462702613749,2.6491987888171273,48.06201550387597,2.313453568608211,2.8723112778840103,49.48979591836735
musd_batch_historical,musd,QNN (PyTorch+PennyLane),2.1060628026244452,2.8126627318199175,45.73643410852713,2.1451673608226596,2.704000765558326,62.755102040816325
musd_batch_historical,musd,QSVM-QNN (PyTorch+PennyLane),2.042447446911308,2.705387173247165,49.6124031007752,2.2742243410276752,2.8455460035664424,54.761904761904766
musd_comprehensive_free_historical,musd,Random Forest,1.7138607734902476,2.1633022927591674,67.97385620915033,0.856290440440298,1.0717688169758532,89.86928104575163
musd_comprehensive_free_historical,musd,XGBoost,1.72875765185788,2.218970794219343,70.58823529411765,0.008608995980094411,0.012950011281118806,99.67320261437908
musd_comprehensive_free_historical,musd,LSTM (PyTorch),2.181158230150428,2.895882884051012,52.71317829457365,1.7183876125244504,2.169517692385204,73.80952380952381
musd_comprehensive_free_historical,musd,Transformer (PyTorch),2.069714364399636,2.6753617501082774,47.286821705426355,2.184157700269382,2.7317287250016404,59.863945578231295
musd_comprehensive_free_historical,musd,QNN (PyTorch+PennyLane),2.184293620899332,2.911922237428273,54.263565891472865,2.1305418091345327,2.662509804073732,60.37414965986394
musd_comprehensive_free_historical,musd,QSVM-QNN (PyTorch+PennyLane),2.026277032294697,2.6813965074803723,51.162790697674424,2.2730552887420012,2.8483825402056695,54.08163265306123
musd_self_built_historical,musd,Random Forest,1.7138607734902471,2.1633022927591674,67.97385620915033,0.856290440440298,1.0717688169758532,89.86928104575163
musd_self_built_historical,musd,XGBoost,1.72875765185788,2.218970794219343,70.58823529411765,0.008608995980094411,0.012950011281118806,99.67320261437908
musd_self_built_historical,musd,LSTM (PyTorch),2.281350931837986,2.944413970189836,48.837209302325576,1.6014592963685896,2.053785831646282,74.48979591836735
musd_self_built_historical,musd,Transformer (PyTorch),2.0081348537891217,2.652892479368972,49.6124031007752,2.309845872452902,2.86547768529705,52.721088435374156
musd_self_built_historical,musd,QNN (PyTorch+PennyLane),2.138355927769894,2.741479730915446,50.3875968992248,2.1528553568193685,2.6995466835922204,61.05442176870748
musd_self_built_historical,musd,QSVM-QNN (PyTorch+PennyLane),2.035683320991902,2.6996685370803912,43.41085271317829,2.292026777910263,2.8557002163056526,55.61224489795919
obtc_batch_historical,obtc,Random Forest,1.8019021555534112,2.2458176734195994,70.58823529411765,0.849961192752414,1.0972659541163108,89.37908496732027
obtc_batch_historical,obtc,XGBoost,1.7258737901739563,2.2020562094550566,77.12418300653596,0.007418771494333217,0.011057912351975799,99.67320261437908
obtc_batch_historical,obtc,LSTM (PyTorch),2.3200849603808273,2.982185479830405,51.93798449612403,1.9461254312903293,2.4401167458070323,66.83673469387756
obtc_batch_historical,obtc,Transformer (PyTorch),2.3806234257376055,2.9506551908639014,46.51162790697674,1.9654008740681999,2.4546359073798634,68.19727891156462
obtc_batch_historical,obtc,QNN (PyTorch+PennyLane),2.2044061451585004,2.7729918278633625,53.48837209302325,2.140522979290533,2.7211859632959925,61.05442176870748
obtc_batch_historical,obtc,QSVM-QNN (PyTorch+PennyLane),2.1159404877244112,2.6587013040299543,52.71317829457365,2.282927457823274,2.8893033926415543,50.34013605442177
obtc_comprehensive_free_historical,obtc,Random Forest,1.8019021555534112,2.2458176734195994,70.58823529411765,0.849961192752414,1.0972659541163108,89.37908496732027
obtc_comprehensive_free_historical,obtc,XGBoost,1.7258737901739563,2.2020562094550566,77.12418300653596,0.007418771494333217,0.011057912351975799,99.67320261437908
obtc_comprehensive_free_historical,obtc,LSTM (PyTorch),2.265641919401552,2.8517719460749236,50.3875968992248,2.035100911245593,2.5743284726110796,65.64625850340136
obtc_comprehensive_free_historical,obtc,Transformer (PyTorch),2.1146727755414263,2.657095270881933,52.71317829457365,2.2836804488122757,2.8898134961982773,50.34013605442177
obtc_comprehensive_free_historical,obtc,QNN (PyTorch+PennyLane),2.2358821288264688,2.8283468402235643,44.18604651162791,2.1529296797018027,2.735631513061772,57.6530612244898
obtc_comprehensive_free_historical,obtc,QSVM-QNN (PyTorch+PennyLane),2.1241052791577397,2.669756408375765,48.06201550387597,2.268164195979925,2.8850638873815715,52.38095238095239
obtc_self_built_historical,obtc,Random Forest,1.8019021555534116,2.2458176734195994,70.58823529411765,0.849961192752414,1.0972659541163108,89.37908496732027
obtc_self_built_historical,obtc,XGBoost,1.7258737901739563,2.2020562094550566,77.12418300653596,0.007418771494333217,0.011057912351975799,99.67320261437908
obtc_self_built_historical,obtc,LSTM (PyTorch),2.1733143909830965,2.7400529677032894,43.41085271317829,2.1068633925729556,2.6616985045524975,61.564625850340136
obtc_self_built_historical,obtc,Transformer (PyTorch),2.200645288061291,2.782645277178229,49.6124031007752,2.2408023519926012,2.8520582452386627,57.993197278911566
obtc_self_built_historical,obtc,QNN (PyTorch+PennyLane),2.203359463644279,2.7198819531068636,47.286821705426355,2.1994673817850865,2.788509481914694,58.50340136054422
obtc_self_built_historical,obtc,QSVM-QNN (PyTorch+PennyLane),2.1245486547621835,2.675685303432313,51.162790697674424,2.2614680651545815,2.880494482543461,52.89115646258503
pbtc_batch_historical,pbtc,Random Forest,1.7252163733506816,2.296327090670671,75.81699346405229,0.8614369486411547,1.1161842772377817,91.99346405228758
pbtc_batch_historical,pbtc,XGBoost,1.7645045356759437,2.3175737030214028,80.3921568627451,0.008282962264029036,0.012321606476974216,100.0
pbtc_batch_historical,pbtc,LSTM (PyTorch),3.0585212074100734,3.8492111485355514,50.3875968992248,1.4929592661770414,1.907219531168267,76.0204081632653
pbtc_batch_historical,pbtc,Transformer (PyTorch),2.5568299823226375,3.1938265762316056,50.3875968992248,2.3168691996534214,2.8631314477317513,49.65986394557823
pbtc_batch_historical,pbtc,QNN (PyTorch+PennyLane),2.5820534395569825,3.1873940387884314,51.93798449612403,2.2354272252163256,2.7534861209445656,57.14285714285714
pbtc_batch_historical,pbtc,QSVM-QNN (PyTorch+PennyLane),2.5537429011477237,3.194815228255357,50.3875968992248,2.316444084091692,2.8663606923086395,49.65986394557823
pbtc_comprehensive_free_historical,pbtc,Random Forest,1.7252163733506816,2.296327090670671,75.81699346405229,0.8614369486411547,1.1161842772377817,91.99346405228758
pbtc_comprehensive_free_historical,pbtc,XGBoost,1.7645045356759437,2.3175737030214028,80.3921568627451,0.008282962264029036,0.012321606476974216,100.0
pbtc_comprehensive_free_historical,pbtc,LSTM (PyTorch),2.9381629818786035,3.637117496438865,48.06201550387597,1.490104162727316,1.8930312993539726,78.06122448979592
pbtc_comprehensive_free_historical,pbtc,Transformer (PyTorch),2.5539607344693227,3.1963636167094434,49.6124031007752,2.3163485352986135,2.867152809336453,50.34013605442177
pbtc_comprehensive_free_historical,pbtc,QNN (PyTorch+PennyLane),2.7074046943246115,3.342285915830151,43.41085271317829,2.159988987100644,2.67276306184963,60.8843537414966
pbtc_comprehensive_free_historical,pbtc,QSVM-QNN (PyTorch+PennyLane),2.584587240903592,3.222577867713741,48.06201550387597,2.298949452638318,2.851613630858438,53.06122448979592
pbtc_self_built_historical,pbtc,Random Forest,1.7252163733506816,2.296327090670671,75.81699346405229,0.8614369486411547,1.1161842772377817,91.99346405228758
pbtc_self_built_historical,pbtc,XGBoost,1.7645045356759437,2.3175737030214028,80.3921568627451,0.008282962264029036,0.012321606476974216,100.0
pbtc_self_built_historical,pbtc,LSTM (PyTorch),3.1366372110655063,3.895652362980415,50.3875968992248,1.4497054887560943,1.888829821050335,79.08163265306123
pbtc_self_built_historical,pbtc,Transformer (PyTorch),2.6195858279530775,3.266589447637819,48.837209302325576,2.242026254865838,2.794304804011293,59.013605442176875
pbtc_self_built_historical,pbtc,QNN (PyTorch+PennyLane),2.4893185760640377,3.161748653479869,55.81395348837209,2.15313997314148,2.6977434319681195,62.414965986394556
pbtc_self_built_historical,pbtc,QSVM-QNN (PyTorch+PennyLane),2.5539511810201088,3.196053178922609,49.6124031007752,2.316341765796279,2.866982135374391,50.34013605442177
renbtc_batch_historical,renbtc,Random Forest,1.9320688742807814,2.4180346514934037,73.20261437908496,0.7983603995402249,1.0287764037763887,89.86928104575163
renbtc_batch_historical,renbtc,XGBoost,2.053139605651619,2.474911504988627,69.28104575163398,0.00864202034866187,0.01258284401378325,99.67320261437908
renbtc_batch_historical,renbtc,LSTM (PyTorch),2.770714348224932,3.66370538158026,48.837209302325576,1.784332364127281,2.283369210028534,68.87755102040816
renbtc_batch_historical,renbtc,Transformer (PyTorch),2.5372640703504863,3.33330604820051,49.6124031007752,2.2650546558011615,2.86187814984101,55.10204081632652
renbtc_batch_historical,renbtc,QNN (PyTorch+PennyLane),2.6904952809272094,3.4382208159033203,46.51162790697674,2.15616536464913,2.7191019414330544,62.244897959183675
renbtc_batch_historical,renbtc,QSVM-QNN (PyTorch+PennyLane),2.518350302536805,3.3245962244528826,49.6124031007752,2.277373286034072,2.9039580373200957,52.38095238095239
tricrypto_comprehensive_free_historical,tricrypto,Random Forest,1.6016780924576728,2.0396464431831194,75.16339869281046,0.7828632934461749,1.004794811780858,89.70588235294117
tricrypto_comprehensive_free_historical,tricrypto,XGBoost,1.6297003033223891,2.0435703760618336,69.28104575163398,0.006268452184954879,0.009782315442081932,99.50980392156863
tricrypto_comprehensive_free_historical,tricrypto,LSTM (PyTorch),2.3720722196093145,2.9810185019172515,54.263565891472865,1.4298862174677405,1.8024487332223622,75.85034013605441
tricrypto_comprehensive_free_historical,tricrypto,Transformer (PyTorch),2.0879980022767652,2.6437223572098874,51.162790697674424,2.1897555234121144,2.709108740651109,51.19047619047619
tricrypto_comprehensive_free_historical,tricrypto,QNN (PyTorch+PennyLane),2.1785259127935164,2.7606672666541945,44.18604651162791,2.0759766716290313,2.5633901910116843,60.204081632653065
tricrypto_comprehensive_free_historical,tricrypto,QSVM-QNN (PyTorch+PennyLane),2.0734697007369647,2.645070373078322,50.3875968992248,2.2044354369163988,2.726985578806859,50.85034013605442
tricrypto_self_built_historical,tricrypto,Random Forest,1.601678092457673,2.0396464431831194,75.16339869281046,0.7828632934461749,1.0047948117808583,89.70588235294117
tricrypto_self_built_historical,tricrypto,XGBoost,1.6297003033223891,2.0435703760618336,69.28104575163398,0.006268452184954879,0.009782315442081932,99.50980392156863
tricrypto_self_built_historical,tricrypto,LSTM (PyTorch),2.237601262602701,2.907408027543515,53.48837209302325,1.600794424120626,1.9863493430092007,72.61904761904762
tricrypto_self_built_historical,tricrypto,Transformer (PyTorch),2.082152343931388,2.641371551488633,51.162790697674424,2.213653105069345,2.738299284596819,51.19047619047619
tricrypto_self_built_historical,tricrypto,QNN (PyTorch+PennyLane),2.236459482389135,2.8336631114631485,41.86046511627907,2.096309771272878,2.6119245223213623,58.50340136054422
tricrypto_self_built_historical,tricrypto,QSVM-QNN (PyTorch+PennyLane),2.081818497642751,2.6436998252042985,48.837209302325576,2.212939579315263,2.7379689128876787,48.80952380952381
usdp_batch_historical,usdp,Random Forest,1.736022854565169,2.184347946968352,69.93464052287581,0.78382088302968,0.9823218118858098,88.23529411764706
usdp_batch_historical,usdp,XGBoost,1.7088868112892814,2.202219950819281,71.89542483660131,0.007709355083522846,0.01141367337897905,99.50980392156863
usdp_batch_historical,usdp,LSTM (PyTorch),2.376747589840893,3.072025904936558,48.06201550387597,1.426029862555779,1.827411400084844,78.91156462585033
usdp_batch_historical,usdp,Transformer (PyTorch),2.201904959273312,2.765672382220878,49.6124031007752,2.2158435819965194,2.7776942820934396,51.53061224489795
usdp_batch_historical,usdp,QNN (PyTorch+PennyLane),2.3490770174333364,2.957771479353304,50.3875968992248,2.0903459655994014,2.637053940313147,59.353741496598644
usdp_batch_historical,usdp,QSVM-QNN (PyTorch+PennyLane),2.2591463515608927,2.8249997694135427,52.71317829457365,2.179521348658968,2.7524817347524784,55.10204081632652
usdp_comprehensive_free_historical,usdp,Random Forest,1.736022854565169,2.184347946968352,69.93464052287581,0.7838208830296799,0.9823218118858098,88.23529411764706
usdp_comprehensive_free_historical,usdp,XGBoost,1.7088868112892814,2.202219950819281,71.89542483660131,0.007709355083522846,0.01141367337897905,99.50980392156863
usdp_comprehensive_free_historical,usdp,LSTM (PyTorch),2.662173751557422,3.3707962434420264,48.06201550387597,1.5451027625389073,1.958826079751818,70.74829931972789
usdp_comprehensive_free_historical,usdp,Transformer (PyTorch),2.204645819605202,2.767165331293509,49.6124031007752,2.2121865186217033,2.771470911563013,53.06122448979592
usdp_comprehensive_free_historical,usdp,QNN (PyTorch+PennyLane),2.2870663294575744,2.8369890324539857,48.06201550387597,2.143189274461291,2.6648756891474727,59.693877551020414
usdp_comprehensive_free_historical,usdp,QSVM-QNN (PyTorch+PennyLane),2.230359448627554,2.7949639830227584,53.48837209302325,2.163035268389154,2.744192844881314,54.59183673469388
usdp_self_built_historical,usdp,Random Forest,1.736022854565169,2.1843479469683524,69.93464052287581,0.78382088302968,0.9823218118858098,88.23529411764706
usdp_self_built_historical,usdp,XGBoost,1.7088868112892814,2.202219950819281,71.89542483660131,0.007709355083522846,0.01141367337897905,99.50980392156863
usdp_self_built_historical,usdp,LSTM (PyTorch),2.5509096844043793,3.185110736852144,48.837209302325576,1.4978201853202104,1.8984936282552434,73.63945578231292
usdp_self_built_historical,usdp,Transformer (PyTorch),2.2236941652019135,2.781396981729443,49.6124031007752,2.1564314763289225,2.7132323052219727,60.204081632653065
usdp_self_built_historical,usdp,QNN (PyTorch+PennyLane),2.3202483330821844,2.865138052904745,48.06201550387597,2.1258626769356965,2.6630017123932395,59.693877551020414
usdp_self_built_historical,usdp,QSVM-QNN (PyTorch+PennyLane),2.202318243431882,2.7808230606561057,57.36434108527132,2.1667098105753646,2.746506694034027,57.82312925170068
saave_batch_historical,saave,Random Forest,1.696119443727177,2.1766855005121766,75.16339869281046,0.7942432198780396,1.0316151803428022,90.359477124183
saave_batch_historical,saave,XGBoost,1.8187590881106082,2.3162611604223997,71.24183006535948,0.0068483668834559515,0.01064477527783958,100.0
saave_batch_historical,saave,LSTM (PyTorch),3.079336129259937,3.783925427157478,42.63565891472868,1.5850771463154094,1.9816944057961619,75.0
saave_batch_historical,saave,Transformer (PyTorch),2.2487736588652547,2.8001829339917985,47.286821705426355,2.2474159364886575,2.8228496475006377,49.14965986394558
saave_batch_historical,saave,QNN (PyTorch+PennyLane),2.329228028020558,2.9276860637846283,45.73643410852713,2.1142776007528554,2.6513154784004334,58.673469387755105
saave_batch_historical,saave,QSVM-QNN (PyTorch+PennyLane),2.2422830305078927,2.7941926726215627,48.837209302325576,2.2389403760291353,2.8199113993362843,52.21088435374149
saave_comprehensive_free_historical,saave,Random Forest,1.696119443727177,2.1766855005121766,75.16339869281046,0.7942432198780396,1.031615180342802,90.359477124183
saave_comprehensive_free_historical,saave,XGBoost,1.8187590881106082,2.3162611604223997,71.24183006535948,0.0068483668834559515,0.01064477527783958,100.0
saave_comprehensive_free_historical,saave,LSTM (PyTorch),2.9210232598709522,3.619111532210004,51.162790697674424,1.508772151542713,1.8956148759644253,74.82993197278913
saave_comprehensive_free_historical,saave,Transformer (PyTorch),2.875153091959677,3.4971589017079086,53.48837209302325,2.376894073920908,2.9857023986111035,53.40136054421769
saave_comprehensive_free_historical,saave,QNN (PyTorch+PennyLane),2.298210520142203,2.9055219023531462,47.286821705426355,2.0876027768728784,2.6262025255649264,58.50340136054422
saave_comprehensive_free_historical,saave,QSVM-QNN (PyTorch+PennyLane),2.232337025394307,2.7843759271615944,52.71317829457365,2.2349155864071983,2.819611610928523,55.952380952380956
saave_self_built_historical,saave,Random Forest,1.696119443727177,2.1766855005121766,75.16339869281046,0.7942432198780396,1.031615180342802,90.359477124183
saave_self_built_historical,saave,XGBoost,1.8187590881106082,2.3162611604223997,71.24183006535948,0.0068483668834559515,0.01064477527783958,100.0
saave_self_built_historical,saave,LSTM (PyTorch),2.8734582937474125,3.483130472125971,46.51162790697674,1.5412288147487239,1.9659134272065748,74.14965986394559
saave_self_built_historical,saave,Transformer (PyTorch),2.424982337419283,2.967976602047543,39.53488372093023,2.156114055326905,2.6934604047809643,59.693877551020414
saave_self_built_historical,saave,QNN (PyTorch+PennyLane),2.2029275059427245,2.7569487524598895,46.51162790697674,2.0786009478595915,2.608443416132909,55.44217687074829
saave_self_built_historical,saave,QSVM-QNN (PyTorch+PennyLane),2.229515418249864,2.7772706418752247,51.93798449612403,2.2199281623518354,2.8099506116235045,53.91156462585034
sbtc_batch_historical,sbtc,Random Forest,1.767545546658794,2.1888127552996473,73.20261437908496,0.8232722557165837,1.0259397976296778,90.0326797385621
sbtc_batch_historical,sbtc,XGBoost,1.9058055482059542,2.375569676097138,68.62745098039215,0.00757147613987909,0.01167355362153516,99.83660130718954
sbtc_batch_historical,sbtc,LSTM (PyTorch),3.0668848237108173,3.926864381530659,50.3875968992248,1.581263931585437,1.9464158778112748,75.85034013605441
sbtc_batch_historical,sbtc,Transformer (PyTorch),2.372184368573213,2.9601421559116288,48.06201550387597,2.132387908028625,2.635030578416068,60.03401360544217
sbtc_batch_historical,sbtc,QNN (PyTorch+PennyLane),2.4017168927478996,3.003443054196283,51.162790697674424,2.110487015724548,2.6672429305099183,62.414965986394556
sbtc_batch_historical,sbtc,QSVM-QNN (PyTorch+PennyLane),2.3136401252269305,2.8978901650352147,51.93798449612403,2.245700810331033,2.7924300514194482,53.2312925170068
sbtc_comprehensive_free_historical,sbtc,Random Forest,1.767545546658794,2.1888127552996473,73.20261437908496,0.8232722557165837,1.0259397976296778,90.0326797385621
sbtc_comprehensive_free_historical,sbtc,XGBoost,1.9058055482059542,2.375569676097138,68.62745098039215,0.00757147613987909,0.01167355362153516,99.83660130718954
sbtc_comprehensive_free_historical,sbtc,LSTM (PyTorch),2.5887448100827535,3.3098234304195935,51.93798449612403,1.7022418160478392,2.141448364754191,73.46938775510205
sbtc_comprehensive_free_historical,sbtc,Transformer (PyTorch),2.5164108986713565,3.160801510253678,49.6124031007752,2.043639879428448,2.5800438573857334,64.1156462585034
sbtc_comprehensive_free_historical,sbtc,QNN (PyTorch+PennyLane),2.331689807700964,2.9533697460987827,49.6124031007752,2.1415221110899996,2.6806421039513744,60.37414965986394
sbtc_comprehensive_free_historical,sbtc,QSVM-QNN (PyTorch+PennyLane),2.345894467081576,2.925637611143641,48.837209302325576,2.2361769279361177,2.790487135771869,51.02040816326531
sbtc_self_built_historical,sbtc,Random Forest,1.767545546658794,2.1888127552996473,73.20261437908496,0.8232722557165837,1.025939797629678,90.0326797385621
sbtc_self_built_historical,sbtc,XGBoost,1.9058055482059542,2.375569676097138,68.62745098039215,0.00757147613987909,0.01167355362153516,99.83660130718954
sbtc_self_built_historical,sbtc,LSTM (PyTorch),2.8738665192789528,3.667617077171551,51.162790697674424,1.5230760266413528,1.9038915438526651,75.68027210884354
sbtc_self_built_historical,sbtc,Transformer (PyTorch),2.3524974576992905,2.908980447997528,48.837209302325576,2.2314343249536837,2.77332771895773,57.993197278911566
sbtc_self_built_historical,sbtc,QNN (PyTorch+PennyLane),2.4051830295209156,3.0400621688078524,44.96124031007752,2.0883377116912643,2.638816703723326,63.60544217687075
sbtc_self_built_historical,sbtc,QSVM-QNN (PyTorch+PennyLane),2.35652687886887,2.945963256331103,48.837209302325576,2.231735118144503,2.7813014142775474,52.721088435374156
seth_batch_historical,seth,Random Forest,2.012274016609372,2.475858477892227,76.47058823529412,0.7739951042361551,0.9859795019198597,89.54248366013073
seth_batch_historical,seth,XGBoost,2.0900569118928853,2.609250752302394,72.54901960784314,0.008118268658358418,0.01190640617858183,99.83660130718954
seth_batch_historical,seth,LSTM (PyTorch),3.1911350580863274,3.866676903122242,45.73643410852713,1.763857742392626,2.1906424334345163,70.578231292517
seth_batch_historical,seth,Transformer (PyTorch),2.913385200283458,3.601840037249792,44.96124031007752,1.9311528065661763,2.4119261964149175,67.00680272108843
seth_batch_historical,seth,QNN (PyTorch+PennyLane),2.7139077703224426,3.344684854631362,49.6124031007752,1.99701259119915,2.5159474394432118,61.73469387755102
seth_batch_historical,seth,QSVM-QNN (PyTorch+PennyLane),2.6887766656666363,3.288168109129843,53.48837209302325,2.133883730680174,2.6753424451890173,50.17006802721088
seth_comprehensive_free_historical,seth,Random Forest,2.012274016609372,2.475858477892227,76.47058823529412,0.7739951042361551,0.9859795019198596,89.54248366013073
seth_comprehensive_free_historical,seth,XGBoost,2.0900569118928853,2.609250752302394,72.54901960784314,0.008118268658358418,0.01190640617858183,99.83660130718954
seth_comprehensive_free_historical,seth,LSTM (PyTorch),2.8686853212988654,3.509956458121655,55.03875968992248,1.7190220643852667,2.167130517903975,72.27891156462584
seth_comprehensive_free_historical,seth,Transformer (PyTorch),2.7203409342429143,3.415725750202271,51.162790697674424,2.029760696036771,2.5213786431133256,62.414965986394556
seth_comprehensive_free_historical,seth,QNN (PyTorch+PennyLane),2.689553089566631,3.288304533577087,46.51162790697674,2.1339249426423907,2.675291245924842,49.82993197278912
seth_comprehensive_free_historical,seth,QSVM-QNN (PyTorch+PennyLane),2.72455286092301,3.3237490940028005,40.310077519379846,2.11765217909865,2.6607363376195043,52.21088435374149
seth_self_built_historical,seth,Random Forest,2.012274016609372,2.475858477892227,76.47058823529412,0.7739951042361551,0.9859795019198597,89.54248366013073
seth_self_built_historical,seth,XGBoost,2.0900569118928853,2.609250752302394,72.54901960784314,0.008118268658358418,0.01190640617858183,99.83660130718954
seth_self_built_historical,seth,LSTM (PyTorch),3.03762686857208,3.7185499688402954,48.06201550387597,1.7478726472107768,2.198901650874955,71.93877551020408
seth_self_built_historical,seth,Transformer (PyTorch),2.6961855207048204,3.290346178738458,46.51162790697674,2.1347873946111533,2.676409996172521,49.82993197278912
seth_self_built_historical,seth,QNN (PyTorch+PennyLane),2.837171521384874,3.4847675719917164,46.51162790697674,1.9600456341216852,2.4954024434620004,64.96598639455783
seth_self_built_historical,seth,QSVM-QNN (PyTorch+PennyLane),2.7054821519865104,3.302766104965747,44.96124031007752,2.122102193724471,2.6631134638351543,52.89115646258503
steth_batch_historical,steth,Random Forest,1.6546665731030512,2.10863384285128,73.20261437908496,0.8327455928366843,1.0665612155449347,90.19607843137256
steth_batch_historical,steth,XGBoost,1.7314802867149632,2.159584716524288,73.8562091503268,0.008760452246914494,0.013082069090016891,99.83660130718954
steth_batch_historical,steth,LSTM (PyTorch),2.499968844117319,3.1409251530771294,45.73643410852713,1.9586696604027392,2.431999852736803,69.04761904761905
steth_batch_historical,steth,Transformer (PyTorch),2.2815414084527816,2.858377198046956,51.162790697674424,2.140341029976691,2.6405218033512914,59.013605442176875
steth_batch_historical,steth,QNN (PyTorch+PennyLane),2.3321637344225588,2.9745543990807444,51.162790697674424,2.1689019911137115,2.7169275766212713,59.693877551020414
steth_batch_historical,steth,QSVM-QNN (PyTorch+PennyLane),2.141816972684356,2.730606636237052,50.3875968992248,2.313260498816865,2.8930230368285414,51.19047619047619
steth_comprehensive_free_historical,steth,Random Forest,1.6546665731030512,2.10863384285128,73.20261437908496,0.8327455928366843,1.0665612155449347,90.19607843137256
steth_comprehensive_free_historical,steth,XGBoost,1.7314802867149632,2.159584716524288,73.8562091503268,0.008760452246914494,0.013082069090016891,99.83660130718954
steth_comprehensive_free_historical,steth,LSTM (PyTorch),2.392663296535173,3.01989406230046,48.837209302325576,1.917480825863186,2.3735509676415205,69.72789115646259
steth_comprehensive_free_historical,steth,Transformer (PyTorch),2.344660811220239,2.9415270893372405,44.18604651162791,1.9185630532542677,2.438639370742379,65.1360544217687
steth_comprehensive_free_historical,steth,QNN (PyTorch+PennyLane),2.235752617470178,2.828715359089865,44.96124031007752,2.1655141399740216,2.704109584546986,64.28571428571429
steth_comprehensive_free_historical,steth,QSVM-QNN (PyTorch+PennyLane),2.169044384582313,2.742989084568467,52.71317829457365,2.306076920349416,2.8777386498385633,51.02040816326531
bbtc_batch_historical,bbtc,Random Forest,1.7601336385863218,2.182646638097445,73.20261437908496,0.7447302827983846,0.9576460621837664,90.19607843137256
bbtc_batch_historical,bbtc,XGBoost,1.7416107731263681,2.1608351928713008,76.47058823529412,0.007858711982085168,0.011767015376029224,99.83660130718954
bbtc_batch_historical,bbtc,LSTM (PyTorch),2.448312770860099,3.0723403036293244,49.6124031007752,1.8239175591288157,2.2357714168524554,68.87755102040816
bbtc_batch_historical,bbtc,Transformer (PyTorch),2.455648071143458,3.1115558003525448,43.41085271317829,2.0657129337626707,2.5685044254753087,61.73469387755102
bbtc_batch_historical,bbtc,QNN (PyTorch+PennyLane),2.3095439526653667,2.8886218465124056,53.48837209302325,2.0597980035132406,2.5659593777422027,64.96598639455783
bbtc_batch_historical,bbtc,QSVM-QNN (PyTorch+PennyLane),2.376363615616878,2.9301819089314987,44.18604651162791,2.1920578715434833,2.7291946448560616,54.59183673469388
bbtc_comprehensive_free_historical,bbtc,Random Forest,1.7601336385863218,2.182646638097445,73.20261437908496,0.7447302827983846,0.9576460621837664,90.19607843137256
bbtc_comprehensive_free_historical,bbtc,XGBoost,1.7416107731263681,2.1608351928713008,76.47058823529412,0.007858711982085168,0.011767015376029224,99.83660130718954
bbtc_comprehensive_free_historical,bbtc,LSTM (PyTorch),2.6936672947956843,3.414718695178818,51.162790697674424,1.6405004070105436,2.025980047084349,72.44897959183673
bbtc_comprehensive_free_historical,bbtc,Transformer (PyTorch),2.390486026938083,3.02245378848774,55.03875968992248,2.036742894789262,2.544290454561348,62.925170068027214
bbtc_comprehensive_free_historical,bbtc,QNN (PyTorch+PennyLane),2.2875868569348485,2.85952432106178,55.81395348837209,2.134198775185194,2.636087749804782,57.993197278911566
bbtc_comprehensive_free_historical,bbtc,QSVM-QNN (PyTorch+PennyLane),2.356907721196832,2.9035235464751628,41.86046511627907,2.1883527117208175,2.718076814186664,53.74149659863946
bbtc_self_built_historical,bbtc,Random Forest,1.7601336385863218,2.182646638097445,73.20261437908496,0.7447302827983846,0.9576460621837664,90.19607843137256
bbtc_self_built_historical,bbtc,XGBoost,1.7416107731263681,2.1608351928713008,76.47058823529412,0.007858711982085168,0.011767015376029224,99.83660130718954
bbtc_self_built_historical,bbtc,LSTM (PyTorch),2.3256424483639844,2.9200755578116127,52.71317829457365,2.1850722250364103,2.6993858017219288,55.952380952380956
bbtc_self_built_historical,bbtc,Transformer (PyTorch),2.614455883617484,3.32238388164494,51.162790697674424,1.7575880156633776,2.199718821389933,72.27891156462584
bbtc_self_built_historical,bbtc,QNN (PyTorch+PennyLane),2.4095089033246557,2.9838084185561207,48.06201550387597,2.069689297328209,2.584290251022406,60.71428571428571
bbtc_self_built_historical,bbtc,QSVM-QNN (PyTorch+PennyLane),2.3808855724176357,2.9356979715812024,43.41085271317829,2.1876042513954586,2.716208819374746,54.08163265306123
compound_batch_historical,compound,Random Forest,1.8435146189746798,2.2448090633754814,68.62745098039215,0.7982962958617347,1.0525519006047714,92.48366013071896
compound_batch_historical,compound,XGBoost,1.8908930599096059,2.334108345527191,70.58823529411765,0.006435315594800023,0.010090714465870516,100.0
compound_batch_historical,compound,LSTM (PyTorch),2.659386342294456,3.3887149051553527,48.837209302325576,1.5396544596322577,2.0160962323376324,75.34013605442176
compound_batch_historical,compound,Transformer (PyTorch),2.2330742485588733,2.8203964592679647,52.71317829457365,2.272249806993993,2.867164664039406,55.78231292517006
compound_batch_historical,compound,QNN (PyTorch+PennyLane),2.250430327265108,2.8229788143301975,49.6124031007752,2.1637600670861477,2.744766169271988,59.863945578231295
compound_batch_historical,compound,QSVM-QNN (PyTorch+PennyLane),2.285727913692718,2.825965424162951,51.93798449612403,2.2795523676147647,2.9004330855313087,52.89115646258503
compound_comprehensive_free_historical,compound,Random Forest,1.8435146189746803,2.2448090633754814,68.62745098039215,0.7982962958617347,1.0525519006047714,92.48366013071896
compound_comprehensive_free_historical,compound,XGBoost,1.8908930599096059,2.334108345527191,70.58823529411765,0.006435315594800023,0.010090714465870516,100.0
compound_comprehensive_free_historical,compound,LSTM (PyTorch),2.778632403405162,3.5478308740686773,54.263565891472865,1.6954422458503862,2.1331310559997747,71.08843537414967
compound_comprehensive_free_historical,compound,Transformer (PyTorch),2.2004548748259403,2.7935013204486854,59.68992248062015,2.24979555142389,2.859219308314494,58.843537414965986
compound_comprehensive_free_historical,compound,QNN (PyTorch+PennyLane),2.5102624768795225,3.0922694109456828,46.51162790697674,2.154643221745421,2.7383151514209865,59.863945578231295
compound_comprehensive_free_historical,compound,QSVM-QNN (PyTorch+PennyLane),2.275052520631951,2.827051217725767,51.162790697674424,2.287097284787649,2.9044638500839786,51.19047619047619
compound_self_built_historical,compound,Random Forest,1.8435146189746803,2.2448090633754814,68.62745098039215,0.7982962958617347,1.0525519006047714,92.48366013071896
compound_self_built_historical,compound,XGBoost,1.8908930599096059,2.334108345527191,70.58823529411765,0.006435315594800023,0.010090714465870516,100.0
compound_self_built_historical,compound,LSTM (PyTorch),2.793798116387991,3.5847976432810764,50.3875968992248,1.3800299845121955,1.805161988683564,78.74149659863946
compound_self_built_historical,compound,Transformer (PyTorch),2.252417581899862,2.8064513225572125,47.286821705426355,2.2889140793330407,2.8944265839686762,55.44217687074829
compound_self_built_historical,compound,QNN (PyTorch+PennyLane),2.3732067194181714,2.984712754973434,52.71317829457365,2.130063333049222,2.708575784474337,60.8843537414966
compound_self_built_historical,compound,QSVM-QNN (PyTorch+PennyLane),2.245013543000695,2.7988139762809485,51.162790697674424,2.2918962830232434,2.9106795726641397,51.19047619047619
